INSERT INTO `mst_attachment_types` VALUES ('15501592247388','DL','Driving Licence',0,'15492870262828','2019-02-14 15:47:04','15492870262828','2019-02-14 15:47:04'),('AT001','NIC','National Identity Card',0,NULL,NULL,'15492870262828','2019-02-14 15:46:40'),('AT002','EMPLOYEE_PHOTO','Employee_Photo',0,NULL,NULL,NULL,NULL),('AT003','BC','Birth Ceritificate',0,NULL,NULL,NULL,NULL),('AT004','Client_Photo','Client_Photo',0,NULL,NULL,NULL,NULL),('AT005','Director_Photo','Director_Photo',0,NULL,NULL,NULL,NULL),('AT006','Supplier_Photo','Supplier_Photo',0,NULL,NULL,NULL,NULL),('AT007','Product_Photo','Product_Photo',0,NULL,NULL,NULL,NULL);

INSERT INTO `mst_identity_card_types` VALUES ('15501562777866','PP','PP',0,'15492870262828','2019-02-14 14:57:57','15492870262828','2019-02-15 01:11:59'),('ICT001','NIC','NIC',0,NULL,NULL,'15492870262828','2019-02-15 01:11:34'),('ICT002','DL','DL',0,NULL,NULL,'15492870262828','2019-02-15 01:11:46');

INSERT INTO `mst_module_permission` VALUES ('15502888781956','Client','create',0,'15492870262828','2019-02-16 09:17:58','15492870262828','2019-02-16 09:17:58'),('15502888882298','Client','view',0,'15492870262828','2019-02-16 09:18:08','15492870262828','2019-02-16 09:18:08'),('15502888968673','Client','update',0,'15492870262828','2019-02-16 09:18:16','15492870262828','2019-02-16 09:18:16'),('15502889071007','Client','delete',0,'15492870262828','2019-02-16 09:18:27','15492870262828','2019-02-16 09:18:27'),('15502889182452','Client','visible',0,'15492870262828','2019-02-16 09:18:38','15492870262828','2019-02-16 09:18:38'),('16014384062565','Product','create',0,'15505059234524','2020-09-30 09:30:06','15505059234524','2020-09-30 09:30:06'),('16014384192595','Product','view',0,'15505059234524','2020-09-30 09:30:19','15505059234524','2020-09-30 09:30:19'),('16014384326734','Product','update',0,'15505059234524','2020-09-30 09:30:32','15505059234524','2020-09-30 09:30:32'),('16014384426851','Product','delete',0,'15505059234524','2020-09-30 09:30:42','15505059234524','2020-09-30 09:30:42'),('16014384525585','Product','visible',0,'15505059234524','2020-09-30 09:30:52','15505059234524','2020-09-30 09:30:52'),('16023517624608','Supplier','create',0,'15505059234524','2020-10-10 23:12:42','15505059234524','2020-10-10 23:12:42'),('16023517682096','Supplier','view',0,'15505059234524','2020-10-10 23:12:48','15505059234524','2020-10-10 23:12:48'),('16023517764151','Supplier','update',0,'15505059234524','2020-10-10 23:12:56','15505059234524','2020-10-10 23:12:56'),('16023517903291','Supplier','delete',0,'15505059234524','2020-10-10 23:13:10','15505059234524','2020-10-10 23:13:10'),('16023517989292','Supplier','visible',0,'15505059234524','2020-10-10 23:13:18','15505059234524','2020-10-10 23:13:18'),('16024056639390','Supply','create',0,'15505059234524','2020-10-11 14:11:03','15505059234524','2020-10-11 14:11:03'),('16024056714278','Supply','view',0,'15505059234524','2020-10-11 14:11:11','15505059234524','2020-10-11 14:11:11'),('16024056793317','Supply','update',0,'15505059234524','2020-10-11 14:11:19','15505059234524','2020-10-11 14:11:19'),('16024056902023','Supply','delete',0,'15505059234524','2020-10-11 14:11:30','15505059234524','2020-10-11 14:11:30'),('16024056999251','Supply','visible',0,'15505059234524','2020-10-11 14:11:39','15505059234524','2020-10-11 14:11:39'),('16024057154852','Stock','create',0,'15505059234524','2020-10-11 14:11:55','15505059234524','2020-10-11 14:11:55'),('16024057249976','Stock','view',0,'15505059234524','2020-10-11 14:12:04','15505059234524','2020-10-11 14:12:04'),('16024057361249','Stock','update',0,'15505059234524','2020-10-11 14:12:16','15505059234524','2020-10-11 14:12:16'),('16024057455890','Stock','delete',0,'15505059234524','2020-10-11 14:12:25','15505059234524','2020-10-11 14:12:25'),('16024057542361','Stock','visible',0,'15505059234524','2020-10-11 14:12:34','15505059234524','2020-10-11 14:12:34'),('16024057666144','CashBook','create',0,'15505059234524','2020-10-11 14:12:46','15505059234524','2020-10-11 14:12:46'),('16024057745158','CashBook','view',0,'15505059234524','2020-10-11 14:12:54','15505059234524','2020-10-11 14:12:54'),('16024057826366','CashBook','update',0,'15505059234524','2020-10-11 14:13:02','15505059234524','2020-10-11 14:13:02'),('16024057949508','CashBook','delete',0,'15505059234524','2020-10-11 14:13:14','15505059234524','2020-10-11 14:13:14'),('16024058185141','CashBook','visible',0,'15505059234524','2020-10-11 14:13:38','15505059234524','2020-10-11 14:13:38'),('16026093685610','Sell','create',0,'15505059234524','2020-10-13 22:46:08','15505059234524','2020-10-13 22:46:08'),('16026093822732','Sell','view',0,'15505059234524','2020-10-13 22:46:22','15505059234524','2020-10-13 22:46:22'),('16026093988811','Sell','update',0,'15505059234524','2020-10-13 22:46:38','15505059234524','2020-10-13 22:46:38'),('16026094148214','Sell','delete',0,'15505059234524','2020-10-13 22:46:54','15505059234524','2020-10-13 22:46:54'),('16026094254548','Sell','visible',0,'15505059234524','2020-10-13 22:47:05','15505059234524','2020-10-13 22:47:05'),('16036546878892','Salary','create',0,'15505059234524','2020-10-26 01:08:07','15505059234524','2020-10-26 01:08:07'),('16036546984661','Salary','view',0,'15505059234524','2020-10-26 01:08:18','15505059234524','2020-10-26 01:08:18'),('16036547097394','Salary','update',0,'15505059234524','2020-10-26 01:08:29','15505059234524','2020-10-26 01:08:29'),('16036547193477','Salary','delete',0,'15505059234524','2020-10-26 01:08:39','15505059234524','2020-10-26 01:08:39'),('16036547304105','Salary','visible',0,'15505059234524','2020-10-26 01:08:50','15505059234524','2020-10-26 01:08:50'),('PER001','Employee','create',0,NULL,NULL,NULL,NULL),('PER002','Employee','view',0,NULL,NULL,NULL,NULL),('PER003','Employee','update',0,NULL,NULL,NULL,NULL),('PER004','Employee','delete',0,NULL,NULL,NULL,NULL),('PER005','Employee','visible',0,NULL,NULL,NULL,NULL),('PER006','Settings','create',0,NULL,NULL,NULL,NULL),('PER007','Settings','view',0,NULL,NULL,NULL,NULL),('PER008','Settings','update',0,NULL,NULL,NULL,NULL),('PER009','Settings','delete',0,NULL,NULL,NULL,NULL),('PER010','Settings','visible',0,NULL,NULL,NULL,NULL);

INSERT INTO `mst_user_role` VALUES ('U001','ADMIN','Administrator',0,'15492870262828','2019-02-07 18:41:01','15492870262828','2019-02-07 18:41:01'),('U002','STAFF','Staff',0,'15492870262828','2019-02-07 18:40:03','15492870262828','2019-02-07 18:41:01');

INSERT INTO `mst_product_units` VALUES ('16024031769822','KG','KG',1.000,0,'15505059234524','2020-10-11 13:29:36','15505059234524','2020-10-11 13:29:36'),('16024031919633','5KG','5KG',5.000,0,'15505059234524','2020-10-11 13:29:51','15505059234524','2020-10-11 13:29:51'),('16024032053847','10KG','10KG',10.000,0,'15505059234524','2020-10-11 13:30:05','15505059234524','2020-10-11 13:30:05'),('16024032231544','20KG','20KG',20.000,0,'15505059234524','2020-10-11 13:30:23','15505059234524','2020-10-11 13:30:23'),('16024032397682','25KG','25KG',25.000,0,'15505059234524','2020-10-11 13:30:39','15505059234524','2020-10-11 13:30:39'),('16024032568025','50KG','50KG',50.000,0,'15505059234524','2020-10-11 13:30:56','15505059234524','2020-10-11 13:30:56');

INSERT INTO `tbl_user_account` VALUES ('15505059234524','admin@dait.lk',300,'$2y$10$RBeYLampy1k29F0NMkfpQ.BmO/CxT6g3w9G6Z36c3NiRJo3uwWmra','admin','M8I7yBGfej6d4VWDSNgjHUxaXYvhDQqIv4SH1zFZTch9MTnyv1EwqIwxU7Nr',0,NULL,'2019-02-18 21:35:23',NULL,'2020-09-29 21:35:49','U001'),('16036548084471','nimali@dait.lk',300,'$2y$10$jiwGaX39G7fcO1..9dYy3OFCLz.REPFF2ivtwbwc/HsJ2qu4K19XW','nimali@dait.lk',NULL,0,NULL,'2020-10-26 01:10:08',NULL,'2020-10-26 01:10:08','U002');

INSERT INTO `tbl_company` VALUES ('COM001','Kumara Mill','Kandy','0812222222','0812222222','0712919563',NULL,'info@ceylonsahal.com','https://ceylonsahal.com/',NULL,NULL,0,NULL,NULL,NULL,NULL);

INSERT INTO `tbl_employee` VALUES ('15505061634792','admin','2019-02-18 00:00:00',NULL,NULL,'Kandy',NULL,'862064372v',NULL,'0712919745',NULL,NULL,'admin@dait.lk',NULL,0.00,NULL,9,'15505059234524','2019-02-18 21:39:24','15505059234524','2020-09-29 21:35:49','15505059234524','ICT001'),('16036548089929','Nimali','2020-10-26 00:00:00','1001',NULL,'Kandy',NULL,'966666666v',NULL,'0712222222',NULL,NULL,'nimali@dait.lk',NULL,NULL,NULL,0,'15505059234524','2020-10-26 01:10:08','15505059234524','2020-10-26 01:10:08','16036548084471','15501562777866');

INSERT INTO `tbl_employee_attachments` VALUES ('16013730277705','117268319_121468902988389_5107538421402736054_o_16013730277180.jpg',NULL,0,'15505059234524','2020-09-29 15:20:27','15505059234524','2020-09-29 15:20:27','15505061634792','AT002');

INSERT INTO `tbl_settings` VALUES ('SET0001','LoanNumber','141','Integer','Last Inserted Loan Number',0,NULL,NULL,'15505059234524','2020-04-22 23:10:41'),('SET0002','LoanNumberPrefix','LON','String','Loan Number Prefix',0,NULL,NULL,NULL,NULL),('SET0003','CurrencyPrefix','Rs.','String','CurrencyPrefix',0,NULL,NULL,NULL,NULL),('SET0004','PaymentNumber','168','Integer','Last Inserted Payment Number',0,NULL,NULL,'15505059234524','2020-04-22 22:41:16'),('SET0005','PaymentNumberPrefix','P','String','Payement Number Prefix',0,NULL,NULL,NULL,NULL),('SET0006','EPF_Employee_Contribution_Precentage','8','Double','EPF_Employee_Contribution_Precentage',0,NULL,NULL,NULL,NULL),('SET0007','EPF_Company_Contribution_Precentage','12','Double','EPF_Company_Contribution_Precentage',0,NULL,NULL,NULL,NULL),('SET0008','ETF_Company_Contribution_Precentage','3','Double','ETF_Company_Contribution_Precentage',0,NULL,NULL,NULL,NULL);

INSERT INTO `tbl_user_role_module_permission` VALUES (1,0,NULL,NULL,NULL,NULL,'U001','PER007'),(2,0,NULL,NULL,NULL,NULL,'U001','PER001'),(3,0,NULL,NULL,NULL,NULL,'U001','PER002'),(4,0,NULL,NULL,NULL,NULL,'U001','PER003'),(5,0,NULL,NULL,NULL,NULL,'U001','PER004'),(6,0,NULL,NULL,NULL,NULL,'U001','PER005'),(7,0,NULL,NULL,NULL,NULL,'U001','PER006'),(8,0,NULL,NULL,NULL,NULL,'U001','PER008'),(9,0,NULL,NULL,NULL,NULL,'U001','PER009'),(10,0,NULL,NULL,NULL,NULL,'U001','PER010'),(55,0,NULL,NULL,NULL,NULL,'U001','15502888882298'),(56,0,NULL,NULL,NULL,NULL,'U001','15502888781956'),(57,0,NULL,NULL,NULL,NULL,'U001','15502889071007'),(58,0,NULL,NULL,NULL,NULL,'U001','15502888968673'),(59,0,NULL,NULL,NULL,NULL,'U001','15502889182452'),(70,0,NULL,NULL,NULL,NULL,'U002','15502888781956'),(71,0,NULL,NULL,NULL,NULL,'U002','15502888882298'),(72,0,NULL,NULL,NULL,NULL,'U002','15502889182452'),(79,0,NULL,NULL,NULL,NULL,'U001','16014384062565'),(80,0,NULL,NULL,NULL,NULL,'U001','16014384426851'),(81,0,NULL,NULL,NULL,NULL,'U001','16014384326734'),(82,0,NULL,NULL,NULL,NULL,'U001','16014384192595'),(83,0,NULL,NULL,NULL,NULL,'U001','16014384525585'),(84,0,NULL,NULL,NULL,NULL,'U001','16023517624608'),(85,0,NULL,NULL,NULL,NULL,'U001','16023517903291'),(86,0,NULL,NULL,NULL,NULL,'U001','16023517764151'),(87,0,NULL,NULL,NULL,NULL,'U001','16023517682096'),(88,0,NULL,NULL,NULL,NULL,'U001','16023517989292'),(89,0,NULL,NULL,NULL,NULL,'U001','16024056639390'),(90,0,NULL,NULL,NULL,NULL,'U001','16024056902023'),(91,0,NULL,NULL,NULL,NULL,'U001','16024056793317'),(92,0,NULL,NULL,NULL,NULL,'U001','16024056714278'),(93,0,NULL,NULL,NULL,NULL,'U001','16024056999251'),(94,0,NULL,NULL,NULL,NULL,'U001','16024057154852'),(95,0,NULL,NULL,NULL,NULL,'U001','16024057455890'),(96,0,NULL,NULL,NULL,NULL,'U001','16024057361249'),(97,0,NULL,NULL,NULL,NULL,'U001','16024057249976'),(98,0,NULL,NULL,NULL,NULL,'U001','16024057542361'),(99,0,NULL,NULL,NULL,NULL,'U001','16024057666144'),(100,0,NULL,NULL,NULL,NULL,'U001','16024057949508'),(101,0,NULL,NULL,NULL,NULL,'U001','16024057826366'),(102,0,NULL,NULL,NULL,NULL,'U001','16024057745158'),(103,0,NULL,NULL,NULL,NULL,'U001','16024058185141'),(104,0,NULL,NULL,NULL,NULL,'U002','16024056639390'),(105,0,NULL,NULL,NULL,NULL,'U002','16024056714278'),(106,0,NULL,NULL,NULL,NULL,'U002','16024056999251'),(107,0,NULL,NULL,NULL,NULL,'U002','16023517624608'),(108,0,NULL,NULL,NULL,NULL,'U002','16023517682096'),(109,0,NULL,NULL,NULL,NULL,'U002','16023517989292'),(110,0,NULL,NULL,NULL,NULL,'U002','16024057249976'),(111,0,NULL,NULL,NULL,NULL,'U002','16024057542361'),(112,0,NULL,NULL,NULL,NULL,'U002','16024057745158'),(113,0,NULL,NULL,NULL,NULL,'U002','16024058185141'),(114,0,NULL,NULL,NULL,NULL,'U002','16014384062565'),(115,0,NULL,NULL,NULL,NULL,'U002','16014384192595'),(116,0,NULL,NULL,NULL,NULL,'U002','16014384525585'),(117,0,NULL,NULL,NULL,NULL,'U002','16026093822732'),(118,0,NULL,NULL,NULL,NULL,'U002','16026094254548'),(119,0,NULL,NULL,NULL,NULL,'U001','16026093685610'),(120,0,NULL,NULL,NULL,NULL,'U001','16026094148214'),(121,0,NULL,NULL,NULL,NULL,'U001','16026093988811'),(122,0,NULL,NULL,NULL,NULL,'U001','16026093822732'),(123,0,NULL,NULL,NULL,NULL,'U001','16026094254548'),(124,0,NULL,NULL,NULL,NULL,'U001','16036546878892'),(125,0,NULL,NULL,NULL,NULL,'U001','16036547193477'),(126,0,NULL,NULL,NULL,NULL,'U001','16036547097394'),(127,0,NULL,NULL,NULL,NULL,'U001','16036546984661'),(128,0,NULL,NULL,NULL,NULL,'U001','16036547304105');
